Date,Forecast,Lower Confidence Bound (85%),Upper Confidence Bound (85%)
2023-01-01,373.29452797426876,52.294527136045744,652.3910202511396
2023-01-02,569.5556879719026,258.91981607493403,878.5510854844678
2023-01-03,572.2546132523502,267.25878383965716,877.0581992048699
2023-01-04,555.1534759133696,252.53802521428798,856.7663548004199
2023-01-05,568.8116710895926,255.56889492775443,865.8251887949401
2023-01-06,570.2003522135043,251.70909430965557,856.9878693949489
2023-01-07,394.37062024687015,100.07286495643194,696.511210999251
2023-01-08,380.75162294336496,70.07968594252297,689.8469000800524
2023-01-09,582.0117532520975,273.4341713303827,872.3816362607224
2023-01-10,584.7184698561747,286.10631163816697,890.6854860832287
2023-01-11,567.1200397256408,284.53458758179744,864.3721570640664
2023-01-12,581.0661184993953,283.3723701765701,872.6345150253776
2023-01-13,582.4298926020153,275.9868948275814,894.1746637972929
2023-01-14,402.1045562248947,115.227430883238,717.4276838863436
2023-01-15,397.30050306286404,75.52646854973551,699.1993176085518
2023-01-16,603.5918337849107,303.06172705682684,905.6098846753565
2023-01-17,606.3385718147083,296.510848261306,908.7865528538242
2023-01-18,588.2750789949393,297.24365090901745,910.1473106715146
2023-01-19,602.5412714684223,312.3386734564123,924.1982183245784
2023-01-20,603.9123686520152,287.6673329210421,905.0164469454697
2023-01-21,409.72947620066816,119.97557194862318,728.6086097659446
2023-01-22,395.33876487507,77.14187329629,713.7127736097207
2023-01-23,606.596835805891,310.4867535669129,924.3702104040088
2023-01-24,609.3191350570479,320.9042291731255,906.7518999162642
2023-01-25,590.7261191426348,306.5995039273308,896.0612840103242
2023-01-26,605.2479649018833,308.75644952862564,921.644173812236
2023-01-27,606.5619247574185,301.0564974021624,895.8229184452083
2023-01-28,417.24537961215174,100.78958349296875,711.1460802204197
2023-01-29,402.46881116206237,79.93968250833387,693.1889522100458
2023-01-30,618.7258518374215,292.78268139755306,930.3387934991165
2023-01-31,621.4559422035134,296.7100605482907,930.3061239370326
2023-02-01,609.4406872700907,309.0717512134875,910.8088558759637
2023-02-02,624.2738073454493,326.70826563369565,930.9296214934457
2023-02-03,625.5862509298013,338.0717185395283,925.6430353076795
2023-02-04,431.7974925735229,119.84360255433018,750.1613406340529
2023-02-05,416.6584578987382,120.05813849211937,722.54375756436
2023-02-06,637.9378591301918,321.0713196484845,923.6744126339445
2023-02-07,640.6991315666406,316.8271337183807,928.3505883445781
2023-02-08,621.1349209168774,316.4417158469688,918.393520273812
2023-02-09,636.255924560775,352.78466812894305,951.6207979368402
2023-02-10,637.5434611263538,326.3528079107034,931.4872416585846
2023-02-11,439.2590988115657,140.74828652844147,720.2374037032972
2023-02-12,423.73420716450613,108.3258299567187,734.2243494808903
2023-02-13,650.0125782044208,352.32454967922723,961.218031544032
2023-02-14,652.7816419637788,344.17875590166716,970.7293987041307
2023-02-15,642.9200728225759,344.09755834910663,947.2121040649324
2023-02-16,658.3611901340604,368.7053908508293,968.3973606039887
2023-02-17,659.6560497798763,370.8225961844116,960.2973029655344
2023-02-18,458.622912075565,146.96068359233067,779.8960928756629
2023-02-19,444.3294916831932,136.45330430282024,733.5793552935866
2023-02-20,679.8613571767253,383.17611268032186,975.1501960043188
2023-02-21,674.640573037731,366.140617054051,986.7804959890102
2023-02-22,656.13395999283,360.9620973366615,971.4023274558742
2023-02-23,674.52208266247,364.7524596840151,959.479061089766
2023-02-24,678.1774425415617,387.73351098334695,962.8477684462509
2023-02-25,467.1882549002745,180.98947890960184,775.9500990172114
2023-02-26,451.97552171815016,148.59704232647383,780.691016287544
2023-02-27,698.4285269760027,393.6725616517627,988.3236934047998
2023-02-28,703.7018772028687,394.1745343491408,1010.625536396006
2023-03-01,691.0174191813458,387.8388860415105,994.2159390637466
2023-03-02,710.0826508230341,433.67510306970394,1038.1770700373327
2023-03-03,713.7273385701579,400.5337194882461,1021.1554715510977
2023-03-04,492.89706508915157,163.9358603881481,790.7700929379679
2023-03-05,476.87998321434026,142.85358755771782,786.7205064041889
2023-03-06,734.3690923337784,434.5971031192728,1054.7142060868896
2023-03-07,739.7036693359659,408.33461480271103,1057.029918782988
2023-03-08,719.0542019522875,391.3924080083362,1012.1372023308737
2023-03-09,738.7524477788087,407.2496580732296,1024.4223920248062
2023-03-10,742.3423686065736,427.96863081167544,1047.190447813215
2023-03-11,511.62691449848705,227.04706618332608,839.913084463098
2023-03-12,494.7613891436449,207.1183304805577,799.1377379712286
2023-03-13,763.2425147337348,462.56087778661345,1083.1907970819393
2023-03-14,768.5942311363382,448.27032970558787,1079.7868472400253
2023-03-15,758.9582926925278,431.63554280211093,1049.1971950109423
2023-03-16,779.360429890246,455.80995973658827,1085.2008724916666
2023-03-17,782.9664604853206,478.47546754979567,1095.9335390318083
2023-03-18,542.4366886329434,222.72422557505655,845.6795716124566
2023-03-19,524.7935928533303,233.21255979894792,834.9830477747521
2023-03-20,804.3376149278271,494.27545829048006,1090.3409408696973
2023-03-21,797.2451193640863,482.8666419799178,1097.8013950920579
2023-03-22,774.4087077149377,480.8472376269823,1085.889568213667
2023-03-23,795.372990707203,481.1183822298219,1102.143950471154
2023-03-24,798.8533848675028,489.1900988262687,1105.133843641568
2023-03-25,548.3675467886176,253.95832883861908,848.3688326050709
2023-03-26,529.8051367149772,232.31604072037408,851.3132070431818
2023-03-27,820.2703164224336,477.6813851101182,1116.5686942830373
2023-03-28,825.6562968571516,476.7022516765123,1102.3742894820837
2023-03-29,801.7264088559002,490.30321496169904,1101.732853768846
2023-03-30,823.3237070685489,508.25898289598797,1110.162273442218
2023-03-31,826.7493342199497,520.2271997801644,1115.0174005072197
2023-04-01,586.6958434761923,276.5140546185996,904.7359636472553
2023-04-02,567.3931553612672,253.17369022192514,874.5483884221633
2023-04-03,868.9585289542257,563.7345320024718,1164.4843615525447
2023-04-04,874.4698080960246,546.7487510169424,1171.471021998011
2023-04-05,849.5546104429066,526.8766918573909,1158.1554120016735
2023-04-06,871.8930905634103,565.3879087044608,1177.185816967791
2023-04-07,875.372117399362,595.9119703571037,1183.6735850937923
2023-04-08,605.2240526210218,290.405808272091,898.5715723970736
2023-04-09,585.0729195670835,272.4641238146542,872.9622899570452
2023-04-10,897.630319804272,586.08905299873,1197.4023767154688
2023-04-11,903.1587309616057,582.076730621948,1204.8366054636238
2023-04-12,877.1500569886404,580.2226771590505,1193.0170975868652
2023-04-13,900.1215523108954,582.0891802717169,1199.7473004054118
2023-04-14,903.5458121394987,608.4058263219104,1195.5989607814017
2023-04-15,637.8164998825185,344.7032860316472,944.1298451904975
2023-04-16,616.8877914092936,325.8614251263442,939.0579510872743
2023-04-17,940.5080878034512,627.7358623979883,1234.1448305457875
2023-04-18,946.1245003999637,634.8542770467989,1240.1736692388006
2023-04-19,919.0932195309913,603.8632541797134,1208.2416102210693
2023-04-20,942.7685994786938,650.3507165706956,1254.0629276996824
2023-04-21,931.4797961520411,640.5121273767193,1238.018943867112
2023-04-22,641.5613383578954,345.5784283855001,938.8254710712025
2023-04-23,619.7133156180003,320.56957051918386,921.505850303445
2023-04-24,954.2547693214531,656.6713939223182,1265.286344943247
2023-04-25,959.8174445098457,643.3309380972591,1273.7226095184833
2023-04-26,931.6218178974196,621.660402696905,1224.4680824456639
2023-04-27,955.8593436230392,654.5410785764666,1264.761609569825
2023-04-28,959.1740696440354,673.8346337029619,1272.4844968339885
2023-04-29,659.3704154183647,348.647636037336,973.4300886797372
2023-04-30,636.6739479605487,332.5323727558443,952.9426918972179
2023-05-01,992.8785062692548,680.718731916405,1280.5270742285284
2023-05-02,998.5073005993631,692.4842899504264,1301.300850788515
2023-05-03,969.2671847499033,661.9435027181817,1288.3342727848978
2023-05-04,994.186712825642,694.7019154430278,1277.0426299703447
2023-05-05,997.4956587529831,715.243848506764,1302.4963716513696
2023-05-06,687.8557944771226,383.0575575308554,973.4914398062305
2023-05-07,664.3598690530273,349.4052539523832,972.1680458883501
2023-05-08,1020.9343640766442,708.266316045756,1320.031610392728
2023-05-09,1026.5802904229975,719.8177231715772,1336.6831203760457
2023-05-10,996.2466982032079,679.7695825193017,1294.6735367129825
2023-05-11,1021.7992415099682,695.6843715239462,1322.9009029095723
2023-05-12,1025.053420427436,712.1436634695996,1319.4268898032549
2023-05-13,705.5283591852818,396.8399257701465,1006.0396031215861
2023-05-14,681.18398887886,387.5766265268195,986.8053672540698
2023-05-15,1065.1805429460328,762.0197257597731,1373.6947740801913
2023-05-16,1070.9144707358726,771.7156218082617,1382.6118344867562
2023-05-17,1039.5582715724768,743.2212899757878,1356.850534616039
2023-05-18,1065.8146995373925,765.5525772776523,1370.3094517563345
2023-05-19,1069.0849808720614,775.2979670092145,1391.723656536261
2023-05-20,739.7455920906671,431.0947836393883,1063.8431063229245
2023-05-21,695.6193296014617,395.2180827231135,1013.3902914645096
2023-05-22,1069.7247130375863,777.8612058989638,1364.1360587523657
2023-05-23,1072.0930326352618,771.0220527538572,1382.3838049773985
2023-05-24,1036.7183248619026,719.9385662188188,1357.388506260767
2023-05-25,1060.004664527431,759.1133724417698,1366.339441580228
2023-05-26,1059.9128449739999,757.3188114891082,1343.8384758691786
2023-05-27,724.5897189757909,409.3607234457135,1031.3448143577216
2023-05-28,697.0208872072981,379.4126876406714,1001.4296978148942
2023-05-29,1074.066498131531,763.1181544381368,1405.8671930820024
2023-05-30,1076.4394003257667,761.9620076762588,1386.8568923837358
2023-05-31,1040.7722015302977,731.4233641422254,1338.190868898505
2023-06-01,1076.574091126806,760.3389848352795,1402.8755788164544
2023-06-02,1076.4813797532083,774.5348653629964,1394.6169793582642
2023-06-03,738.5278469472883,432.473110782479,1046.0804520808535
2023-06-04,710.7458246218507,408.3961970065604,999.9092991780645
2023-06-05,1090.7454206926657,772.536870877303,1406.0701987095238
2023-06-06,1093.1366631417093,799.8391037273748,1407.3195030723957
2023-06-07,1057.1907309827075,757.6988452694087,1353.0289421496955
2023-06-08,1080.8294753535777,769.4162228936693,1396.120909442847
2023-06-09,1080.722114501349,756.9784077552087,1427.5305664834489
2023-06-10,740.1244172293694,428.6494460663366,1046.702128238453
2023-06-11,712.1154466886313,414.75784246972273,1004.0655864217115
2023-06-12,1095.055270247625,790.320274163305,1417.869698389873
2023-06-13,1097.45109526695,773.681540375288,1402.7164576821012
2023-06-14,1061.2126720615815,743.8278612703593,1359.093651428014
2023-06-15,1102.297992294041,781.3677390489715,1389.5718784240248
2023-06-16,1102.1949386075014,797.9049529561978,1391.2883338294212
2023-06-17,758.9720335546073,437.78558365734654,1051.8224398650325
2023-06-18,730.7550714550896,406.36300795372904,1032.9331910821534
2023-06-19,1116.6540790914419,817.6368976127461,1412.5483084679806
2023-06-20,1119.0734433772534,789.6980194304664,1421.614665671925
2023-06-21,1065.1704934413756,764.7348108247822,1380.6747004093277
2023-06-22,1089.1478848285788,764.3584308583436,1399.4005905506683
2023-06-23,1089.0112249938354,772.5570056975711,1419.2046012432913
2023-06-24,743.1251988620826,448.301264307313,1052.3706639234579
2023-06-25,714.66233188223,423.22320196174957,1018.7380436688372
2023-06-26,1103.4826102730199,829.547054118252,1415.9907163112387
2023-06-27,1105.88760048535,793.096165458883,1417.056741287283
2023-06-28,1069.064195248657,764.6464783676676,1368.0051973181353
2023-06-29,1093.2109101556337,772.0323304904572,1404.8262455801682
2023-06-30,1093.0596008426207,747.918787433026,1397.0476644513406
2023-07-01,770.755539972247,474.7094731407237,1069.2969335789692
2023-07-02,742.0940037509464,432.162183502647,1044.0777139548693
2023-07-03,1133.8827885352698,843.9798827885811,1434.277803542347
2023-07-04,1136.320640312894,826.1477739771617,1440.7808770004222
2023-07-05,1099.233023029587,813.042189313304,1398.780818972221
2023-07-06,1123.577340425397,808.0275948865626,1398.995996740039
2023-07-07,1121.2538260243591,840.7128054368424,1426.455842587462
2023-07-08,769.2915552735528,470.77897672802504,1101.2279580112638
2023-07-09,739.0751313625565,403.5059714621946,1026.9281929156637
2023-07-10,1129.3047900091965,820.706564611936,1419.5582410352633
2023-07-11,1129.5280079989925,819.3457939362627,1449.5758837824155
2023-07-12,1090.3863697992892,775.5877202460905,1402.4467343027898
2023-07-13,1112.4491737990377,798.85845241718,1416.2825758308368
2023-07-14,1110.137614781963,797.105791046011,1392.74262540637
2023-07-15,777.869344850753,435.81264934117354,1071.8913469426238
2023-07-16,747.8226620501786,425.9298453835848,1052.7083036276442
2023-07-17,1135.6373417354837,838.9496062500167,1434.6739252370583
2023-07-18,1135.8413494188512,839.1316271518151,1437.576265095301
2023-07-19,1096.9229415655227,783.9786340246841,1417.0019476747623
2023-07-20,1118.8320908135872,834.3586398390167,1405.6749432454185
2023-07-21,1099.0737312804722,787.1305630208897,1407.3814042682495
2023-07-22,751.4272457012679,442.9528970889287,1039.3632148484073
2023-07-23,721.5812449449515,422.6101703984109,1040.0576851903875
2023-07-24,1107.0118866022315,800.5974164423685,1390.9184977449193
2023-07-25,1107.227624912836,800.3293064351436,1417.795196719219
2023-07-26,1068.5633883393111,745.5098296290223,1380.6711323173533
2023-07-27,1090.3498237692027,789.3009405646632,1382.6497820598954
2023-07-28,1088.0621755199136,802.8957615227182,1402.452899559567
2023-07-29,742.5735825265599,444.84835859696153,1053.509310490534
2023-07-30,711.7376727097206,401.6297640928933,1022.9210487325097
2023-07-31,1092.3277233263539,783.9597362808597,1402.1462993270607
2023-08-01,1103.1994384751301,798.0403222420626,1408.8173013792782
2023-08-02,1063.1794475969534,766.7908084993671,1367.9055286700593
2023-08-03,1082.8606845866645,776.603614729441,1387.2265128521026
2023-08-04,1078.7804850461866,763.7747490120581,1373.734921953965
2023-08-05,737.606072727009,435.7812138319807,1038.8433661570969
2023-08-06,707.2649213449648,400.8576898307057,1002.9027447823808
2023-08-07,1080.9995601229912,788.973361379821,1388.8050089584285
2023-08-08,1079.3549857306432,742.3713663265577,1391.1660166714144
2023-08-09,1040.0137885212646,731.5913507586088,1344.878122192932
2023-08-10,1059.3020707633775,766.4882313747779,1359.4829731987543
2023-08-11,1055.2558687564385,761.5240258390908,1361.9730800227494
2023-08-12,720.2178570910379,419.95646194387984,1025.4534143652684
2023-08-13,690.4033920004639,392.32857827312114,992.1714077678855
2023-08-14,1057.3145467962445,751.025893170489,1343.6148437259355
2023-08-15,1072.2309717070325,768.6713008580675,1376.992063311662
2023-08-16,1033.5245747890212,705.461665230681,1329.135433738111
2023-08-17,1052.3759089065968,742.0059029704429,1340.1029844549835
2023-08-18,1048.3197110560307,740.2784586071793,1359.8676269886603
2023-08-19,719.3741066672133,413.15099272164747,1018.5509290690102
2023-08-20,690.0423344909424,394.20404428741784,987.5219957412833
2023-08-21,1033.7783379030968,708.9788029296383,1344.1005267107191
2023-08-22,1032.112494186418,719.7722360129403,1328.1411334491793
2023-08-23,994.1288849146828,686.2597726879787,1302.2459859007088
2023-08-24,1012.6312583242828,708.1077101192427,1312.5891280663868
2023-08-25,1008.6530520170509,705.0784657401723,1303.4632118272411
2023-08-26,685.8878412840148,381.839387687241,998.125146511947
2023-08-27,657.1267491073739,350.5004100925143,982.759433349339
2023-08-28,1010.3909379325507,714.7326436407071,1326.91678387058
2023-08-29,1008.7144592337123,717.12153227552,1301.8906766229495
2023-08-30,971.4096434740294,664.7153805167819,1313.2924306984787
2023-08-31,989.5190622268134,687.9861727993591,1290.1169290579846
2023-09-01,997.0588166704198,691.8519567110515,1305.740102069123
2023-09-02,680.3980773253387,353.14351992164814,993.4042436470867
2023-09-03,652.1317434692874,336.57655851735717,990.8595575377865
2023-09-04,998.5405220382388,695.2634547936079,1293.9742914165454
2023-09-05,996.8214805082977,696.3472746117058,1293.4235217861255
2023-09-06,960.16353041116,628.6881297382452,1270.5631673602295
2023-09-07,977.8480666579842,656.9148167339081,1295.7806903943524
2023-09-08,973.9059275528447,655.3646010095105,1285.2406294757275
2023-09-09,663.3815874450411,354.49615753840067,968.4787909349864
2023-09-10,635.6419397588818,322.88335998267183,956.7344044914786
2023-09-11,975.2272359208608,661.0752230872939,1276.1567884546246
2023-09-12,973.4975594087963,677.6679696404211,1290.737486744277
2023-09-13,937.5184028237118,626.8257723791655,1268.035225310533
2023-09-14,954.8099844137897,643.2342692159243,1260.1012066458031
2023-09-15,966.1096835751124,662.6455096872396,1283.9109474883603
2023-09-16,661.6777496706593,350.5637308046632,974.6564799018716
2023-09-17,634.420795329044,327.41046805031493,931.3079883801303
2023-09-18,967.1386175508959,671.966180112471,1284.310272881861
2023-09-19,965.3543135948562,645.2628889740737,1257.7743845221153
2023-09-20,930.0099578730448,621.1680189079656,1223.265864751615
2023-09-21,931.920712692796,599.0481726102136,1235.3865144461638
2023-09-22,928.0465695052831,629.3597806126548,1238.5429307546826
2023-09-23,629.7950262342948,322.3991807175707,944.0627038635893
2023-09-24,603.1087512475856,283.6617585873162,908.9082997937088
2023-09-25,929.047086591412,645.905824481478,1216.5940758524434
2023-09-26,927.2961410095828,630.2625642547639,1229.2896757101478
2023-09-27,892.6745719363964,586.8103353343835,1182.4801583602684
2023-09-28,909.1802453234052,600.3314301254363,1214.795473969726
2023-09-29,905.3400996507219,609.8195480704946,1182.0731772449753
2023-09-30,613.2249536600483,313.98053199328297,939.8577967422542
2023-10-01,608.7018992337585,294.0158116190924,907.9042916775602
2023-10-02,927.7511264348583,649.1806315421431,1254.1787358711633
2023-10-03,925.9239179626421,621.5032790207497,1240.4375087714093
2023-10-04,891.9155142733817,585.0207454827944,1204.4600365689796
2023-10-05,907.9626052172026,579.3410338908292,1218.7767181096376
2023-10-06,904.0908291476077,617.3411893858769,1197.3824007643025
2023-10-07,618.0464525256466,317.09167873631753,909.4602781968391
2023-10-08,592.347947140093,272.9184677506973,883.6376953619479
2023-10-09,904.5737467527072,582.9365430449058,1187.6786802754607
2023-10-10,902.7359425044453,620.3136439437711,1227.1012971890111
2023-10-11,869.4063659229028,551.750118345443,1194.0995162474846
2023-10-12,885.0605441328388,596.0897843693369,1206.3164153674625
2023-10-13,881.2228038924495,567.4663459764862,1193.8405680247458
2023-10-14,601.3147779727304,293.72435806672684,903.2302136515164
2023-10-15,590.0309954353644,266.719331095694,904.966705800111
2023-10-16,895.3894168954855,599.1743295524619,1221.6398694525262
2023-10-17,893.4969850747116,591.689122802737,1192.7764704519223
2023-10-18,860.8021996145637,553.928180748096,1201.9063571362185
2023-10-19,876.0194360119209,567.5041986445227,1166.0068884678853
2023-10-20,872.1717000723128,581.5128442838029,1171.632365117057
2023-10-21,584.7319057035215,295.985878377489,877.7407130885045
2023-10-22,560.0867576841111,258.36289080705853,874.0316168895827
2023-10-23,858.665786474861,553.310762652394,1183.3929703153715
2023-10-24,856.8067125649646,574.6649467386983,1182.648365436301
2023-10-25,824.8347037093401,522.9772803929031,1130.177664382054
2023-10-26,839.7029837773922,556.9902254518506,1141.6976317723859
2023-10-27,835.9332376218232,544.222838093882,1143.7912107912532
2023-10-28,568.2978357181956,265.1744753022832,868.7233942004277
2023-10-30,835.9350097616317,521.4059884643225,1151.4442358758279
2023-10-31,834.0653010208555,517.7264104457779,1136.4671589102193
2023-11-01,812.4233164687801,507.8129619606913,1106.3318563218672
2023-11-02,826.9864546769279,503.9675611739719,1138.1705304618285
2023-11-03,823.3356546970002,513.4993336918259,1135.2948396245472
2023-11-04,561.7739528537102,249.42762713061146,855.9607148806666
2023-11-05,538.2148640092604,243.19224248668448,833.4694840746843
2023-11-06,823.4396865429835,531.8627105531219,1121.9273928152124
2023-11-07,821.6466323653837,529.3171772037746,1131.3776749837655
2023-11-08,791.0864590517933,487.19653944000004,1112.0897324541559
2023-11-09,805.2732448517814,488.1251452452923,1111.1651281844936
2023-11-10,801.6550060095378,480.4912037638698,1107.4610824775111
2023-11-11,545.9704418716575,256.1349765729512,846.219163817501
2023-11-12,522.9157868210219,205.01122741998404,847.3897218216964
2023-11-13,801.6054175939037,485.33932754123504,1124.4621645638317
2023-11-14,799.802177760069,513.6783718312292,1091.7801099204846
2023-11-15,782.4442595272586,453.56469598508744,1076.7884212112656
2023-11-16,796.212558262345,478.4161928137032,1084.412712272642
2023-11-17,792.5847459008737,473.10917814332606,1105.5626242556773
2023-11-18,542.7351848115527,222.6435117725435,826.1485203301835
2023-11-19,520.142828897955,219.8756029178242,813.9575022339791
2023-11-20,792.2551332532964,468.65318961504914,1088.7831932649542
2023-11-21,778.1002406003454,472.1146184526243,1065.9399012527385
2023-11-22,748.8402965545463,449.91695698904925,1050.9409269910864
2023-11-23,762.2743775384043,461.9557347220615,1080.2902644455046
2023-11-24,759.4247248760627,449.6777411238554,1078.5942650955667
2023-11-25,515.7488858262203,217.40419487745183,828.9507878261295
2023-11-26,494.1253152549009,193.38832608605432,799.4613197243651
2023-11-27,761.2064761379764,452.992676463169,1077.2105854568117
2023-11-28,760.0972725803401,460.56965891599157,1065.5081023385526
2023-11-29,732.0518056568178,406.07850459634625,1051.7143874598742
2023-11-30,745.8998748613309,431.9380311128189,1047.24587036428
2023-12-01,751.3468667847557,441.9255061619222,1050.2975841848056
2023-12-02,511.9525656464682,202.6865149152406,806.3327014621553
2023-12-03,490.6769857721173,167.10630921534914,790.0268949661695
2023-12-04,752.9521776425917,470.8343071387752,1044.1088896452493
2023-12-05,751.8141936182597,444.90575485036703,1042.329069060197
2023-12-06,724.2233755049681,436.5537044909563,1012.5227725368129
2023-12-07,737.774580568322,455.0778362458832,1070.4429827535112
2023-12-08,734.9512830486038,400.4388796785596,1043.7876493943086
2023-12-09,499.85984300806746,209.64248784466773,822.544540444628
2023-12-10,478.9535770169112,191.99556950064746,804.3340948043818
2023-12-11,736.4441230609384,435.9270069546432,1051.8906352592626
2023-12-12,735.2986817560443,433.10003450253686,1051.837005615663
2023-12-13,708.1838356392306,408.7174398024332,1033.1143401989766
2023-12-14,721.4594997476519,379.7895947040175,1070.7348375378194
2023-12-15,730.1964424765064,423.13148640255463,1045.196248740403
2023-12-16,499.37701525604706,192.80408667926417,795.9801791775353
2023-12-17,478.809214870488,184.38068706483335,772.4920395994752
2023-12-18,731.4842697453108,425.541954558418,1031.3005843847861
2023-12-19,730.3005258237991,459.11801628374656,1034.6607156439597
2023-12-20,703.6308060651056,403.60935122171577,997.6485345466522
2023-12-21,705.2487724183018,382.5753524874783,1001.2481980192246
2023-12-22,702.4731560629114,391.2898770500007,1002.2396847876245
2023-12-23,475.9874355868723,151.78412320421253,781.1795490075654
2023-12-24,455.81979875948394,154.422546551048,752.9727017692423
2023-12-25,538.9204738348634,243.10234311599856,840.1409149942317
2023-12-26,153.92962949024238,-168.72632710469983,459.82392857359656
2023-12-27,676.4178099633245,373.69676774949835,1006.5505860817154
2023-12-28,689.1423956053331,359.3565370810523,999.7715580945904
2023-12-29,686.390618378972,385.84939861799865,1009.8310353616897
2023-12-30,464.20775259578596,152.54181416239342,757.4102815148073
2023-12-31,444.4094291018839,129.77371685647128,762.571830658364
2024-01-01,689.0486767308146,392.23203635093097,975.487540816808
2024-01-02,687.876657156997,382.33118811924766,1003.7693330724055
2024-01-03,662.1855188608505,359.7755901257491,962.2290626222065
2024-01-04,674.6303546128494,376.47191069638245,992.1876388769269
2024-01-05,671.8982071702155,363.34349510632865,978.913617420853
2024-01-06,454.0139867348143,139.92918805005243,751.4200809852213
2024-01-07,434.5807672291877,148.0433856202373,755.0025669375121
2024-01-08,672.9285448769674,381.3815080633847,981.1867758740574
2024-01-09,671.7490680337937,370.09644265706896,976.9261296966454
2024-01-10,650.3667254946347,356.49622028736536,956.0879800690882
2024-01-11,666.5356395685861,360.8628253016667,977.9363754219421
2024-01-12,667.7290661146584,374.01829596151117,994.1236996500355
2024-01-13,452.995734128564,135.6189873115018,771.5491149415815
2024-01-14,436.04418611083446,113.20367890806399,729.7195271654633
2024-01-15,691.5814364427196,391.60210738104513,1005.0917799471276
2024-01-16,694.4091747286427,382.84851839692254,1008.8070342635157
2024-01-17,672.5537218730171,365.4649294726965,974.4524319421299
2024-01-18,689.0482890197165,369.58156715623903,1004.9788386151884
2024-01-19,690.2491653682013,367.5292014792595,1006.0863540501363
2024-01-20,470.9752230937845,184.87458013573686,784.3386070756154
2024-01-21,442.50527977476014,144.0799831584184,752.6127780090551
2024-01-22,692.1660824145915,386.77391449006495,997.6643177738692
2024-01-23,694.9689590236011,395.4035466286857,997.3461603797303
2024-01-24,672.5748202024616,382.2638197808812,980.103360317262
2024-01-25,689.3294647727676,386.8282922184161,995.5659504471669
2024-01-26,690.4722152745786,392.48795933055527,990.7261433093075
2024-01-27,466.59208706271534,151.5236559557298,758.4557494451021
2024-01-28,448.8554709807132,129.9941106271601,744.896778079512
2024-01-29,703.6017480750057,390.77658033104046,1009.9426531261249
2024-01-30,706.4125508316797,399.643433466898,1039.8151225184904
2024-01-31,683.5125138695357,364.77911821989295,973.8722155880796
2024-02-01,708.9200784731241,414.39158933893447,1002.0700849619806
2024-02-02,712.4843770670475,383.54188740482385,1003.6876938936582
2024-02-03,484.9093964354054,179.5272942333918,792.9295174525452
2024-02-04,468.24477813079454,143.12715916263988,758.6702968092659
2024-02-05,733.1725687425297,431.16994504151495,1044.876732088179
2024-02-06,738.4764084348834,419.93832137095734,1038.7853400971835
2024-02-07,717.0314987302002,432.2967397069348,1004.7974477137152
2024-02-08,737.1222074850964,442.88168883732527,1038.098161421566
2024-02-09,740.6307034920156,435.58679586880584,1044.7776177372239
2024-02-10,502.98360892226145,187.69867244170314,803.6944368501586
2024-02-11,485.4545026813252,170.1588964778702,798.903602915559
2024-02-12,761.5821663131758,445.9260465514111,1059.2202038058906
2024-02-13,766.9034619673826,456.2008915184257,1081.9703790429503
2024-02-14,744.3443995928825,459.9832088140623,1069.05784596293
2024-02-15,777.6103410215211,493.3655893724115,1097.721311809489
2024-02-16,781.1352439225936,461.25025480589164,1063.535522633983
2024-02-17,533.4882448957679,241.38015255590906,826.2878292894458
2024-02-18,515.1668601996752,205.78968136962212,825.253018838061
2024-02-19,802.5666063329111,497.21600320492433,1119.0387636169394
2024-02-20,807.9775674300095,486.7548255793614,1092.4950247932009
2024-02-21,771.4130570802834,455.3268757420224,1089.8549039569414
2024-02-22,792.7937353832099,473.6478623663252,1115.0033961202325
2024-02-23,796.1906262162204,482.2763878905593,1129.2747847813434
2024-02-24,538.3993037700429,260.07253025253044,835.5818548689034
2024-02-25,519.1412216565492,222.15471542632474,816.6943922872122
2024-02-26,817.6686410485535,508.10501284485,1133.4273105504021
2024-02-27,823.0248583678355,529.1522912731982,1131.4109882971973
2024-02-28,798.2374993533675,497.2602160366154,1098.0684016495684
2024-02-29,820.2631726476761,522.8501718826924,1131.4383117571813
2024-03-01,832.5443639292232,490.21885759693185,1145.658976951085
2024-03-02,564.7283392467411,243.05637883295407,854.5107067762181
2024-03-03,544.6531947942492,223.78301435447722,841.9694870216924
2024-03-04,854.4279327967045,556.8469093966239,1166.6001110947489
2024-03-05,859.8490271394678,563.2809649156138,1174.8324786040043
2024-03-06,833.99493403453,505.73172233390886,1120.353417324691
2024-03-07,856.7130145410914,554.9035374842613,1155.4910827184178
2024-03-08,860.0457306357154,562.7720029869602,1163.225258637536
2024-03-09,582.1575699220105,274.7292552201379,894.8594503421531
2024-03-10,561.217935636878,245.20413477843167,859.9043835441213
2024-03-11,882.1925712263645,568.0453564256702,1169.7686337899784
2024-03-12,887.6311215691254,593.9856799744466,1204.056506798333
2024-03-13,860.662873350569,559.4805597721819,1184.0376460548107
2024-03-14,884.025940045923,582.6624543138978,1173.5744435065087
2024-03-15,901.927179293056,580.0515722719318,1211.901634975203
2024-03-16,614.0390921875651,308.45106999884916,924.2603914575218
2024-03-17,592.3071777095481,263.8314223779522,876.6861066911523
2024-03-18,924.5539205254119,621.0649662007153,1219.9649248589603
2024-03-19,930.0821365077968,636.5686084482833,1229.8821349871
2024-03-20,902.0719431370287,590.6460380933753,1214.9434017502913
2024-03-21,911.0946222869416,600.8468157954974,1213.7095253046368
2024-03-22,914.3157332852533,605.0337550206091,1237.9160667772594
2024-03-23,616.283300406703,321.5355475609397,924.3449562358194
2024-03-24,593.6146866284996,296.8704916593294,911.486626804318
2024-03-25,936.9891183118963,648.7551687287403,1230.394102524746
2024-03-26,942.4625809838947,635.7985179136209,1261.8720296285214
2024-03-27,913.2660227720658,615.9250229364387,1226.3939786161666
2024-03-28,937.9190622234668,616.079740532087,1220.0783678149776
2024-03-29,941.0843705081712,631.3622155184735,1255.2825650410734
2024-03-30,632.9798008523485,317.6874011300626,942.2225383879414
2024-03-31,609.4466971775621,309.5889869657962,909.5227944524846
2024-04-01,988.21550322729,678.813630038485,1305.609012695454
2024-04-02,993.8166342815593,682.8303238786378,1303.1098141670482
2024-04-03,963.6161332542856,662.3357685673031,1258.2638892102423
2024-04-04,989.0243713229933,700.8823686540258,1284.667957497917
2024-04-05,992.2440892750683,697.2986357972827,1300.00311796612
2024-04-06,674.1775952228393,335.20245693974744,985.7200519988876
2024-04-07,649.8902140322928,341.75369046547223,938.0462494372672
2024-04-08,1015.774654929646,736.361394372886,1304.9331411578873
2024-04-09,1021.3932419853832,708.3536802583337,1346.345509680507
2024-04-10,990.0785857617628,669.0974783295909,1291.931632551887
2024-04-11,1016.1318093857321,697.4092591636883,1320.7589512483903
2024-04-12,1019.2957239446196,726.0564791884349,1340.5632105803597
2024-04-13,691.157093097778,370.65866726624756,1015.6524646734636
2024-04-14,666.0052216256344,361.47310358286035,966.1792930529331
2024-04-15,1059.9523840414222,761.6516605730071,1372.8716616613992
2024-04-16,1065.6606360400885,767.1417048566134,1377.8364740840984
2024-04-17,1033.3040337345442,715.2330847156353,1348.7199217091174
2024-04-18,1060.074453129554,733.4477964472894,1348.1401316314816
2024-04-19,1063.2547746171974,759.9646535141628,1357.0875665677756
2024-04-20,725.1162181771587,396.596360737763,1042.2610954361855
2024-04-21,681.8759839969957,368.7939129074426,974.300404099129
2024-04-22,1070.160218329625,774.0989237079029,1389.5701728851193
2024-04-23,1075.8137166930294,762.8785317874327,1390.5777122732252
2024-04-24,1042.270749729029,729.0095658110346,1347.633370790818
2024-04-25,1069.6139456275314,761.4188982813687,1356.1659110879832
2024-04-26,1072.6662547766027,775.0641665083444,1376.9460903051097
2024-04-27,724.3833534757864,388.5247918065536,1037.5042320147916
2024-04-28,697.5025024766591,374.9714622761075,1008.2815630540902
2024-04-29,1096.986633501905,795.5445210099911,1406.0710620487505
2024-04-30,1102.6575878642034,787.3450928763677,1419.2210744136305
2024-05-01,1080.455131536736,760.054530139799,1388.4047643938923
2024-05-02,1108.4932268768614,831.1052023882266,1415.134019883532
2024-05-03,1111.5396466252332,791.1191993986996,1431.1264103420117
2024-05-04,753.2345234016544,451.5780419702145,1056.4523298782167
2024-05-05,725.3587179479881,409.72279994090627,1022.7896191946064
2024-05-06,1135.710273643039,851.9725762194527,1438.9550412480944
2024-05-07,1141.1662728489455,822.0492947642443,1430.9300820927538
2024-05-08,1105.2027133457234,792.2420158531936,1398.7371505522858
2024-05-09,1133.5841504339398,834.8865786752883,1434.5529660279708
2024-05-10,1136.2990541231825,842.2639955088675,1440.4952306400205
2024-05-11,768.2780994250734,471.73255878748597,1070.542032339529
2024-05-12,739.5922927319818,425.83987851707644,1051.197453750171
2024-05-13,1160.4378190732104,861.9187039793031,1463.5944348999715
2024-05-14,1165.910174031787,841.1749898663667,1452.9787193688826
2024-05-15,1147.8817332797419,820.6460441154842,1444.3884157762086
2024-05-16,1176.9351615099204,877.2834587574632,1495.2978420543466
2024-05-17,1179.6654380043576,877.9336378700208,1485.1274052549213
2024-05-18,802.2748499498144,490.0267337976382,1105.9608980432913
2024-05-19,772.8467003000095,471.9619946841421,1082.1254568933218
2024-05-20,1204.2538555703645,893.0379834142105,1509.9793026013986
2024-05-21,1190.4252259403129,909.2540668654332,1496.679831131686
2024-05-22,1152.3738060852293,858.3804683331488,1480.048939320432
2024-05-23,1181.96390889191,868.8613003804959,1471.8512592356628
2024-05-24,1184.5742416260946,882.2567234254713,1500.1427824612056
2024-05-25,797.6787036495012,474.5861492892546,1105.542750552368
2024-05-26,767.3728944776624,477.6457533344343,1080.614017450216
2024-05-27,1209.2063621115126,905.4157112336505,1517.4951570196583
2024-05-28,1213.0135011799023,896.8690151800602,1524.2714355854696
2024-05-29,1172.340678247213,864.4187435167662,1496.0285671611414
2024-05-30,1200.7882787199646,906.9167135547959,1522.0816340937188
2024-05-31,1201.6806731211113,912.2568104918806,1504.410027245256
2024-06-01,820.9446194120155,522.3545442103377,1117.4394412221184
2024-06-02,789.0170599337202,451.2259930555626,1081.917242802418
2024-06-03,1235.9880585638282,941.8028788906262,1548.346169876564
2024-06-04,1239.8338000663252,926.8818526339787,1540.143207714698
2024-06-05,1198.5743011920156,889.4761622684886,1503.261716540025
2024-06-06,1227.4072495950404,932.3063999766897,1545.5345545550126
2024-06-07,1228.2977668994708,924.5525219692239,1550.0301014776119
2024-06-08,827.5173379037053,524.4463970556869,1136.8012038643078
2024-06-09,795.1120994845896,502.7728206401535,1110.5132641108016
2024-06-10,1248.2716673885702,905.0202432186161,1544.2514170222676
2024-06-11,1252.1270543064677,946.5357988796682,1554.873941245421
2024-06-12,1210.251922472329,908.596764135892,1531.7966781909688
2024-06-13,1239.441261786853,920.1118085045679,1565.51741254284
2024-06-14,1240.3009449760514,938.1020922211354,1554.9248775706683
2024-06-15,854.5041436640215,540.1764224046092,1163.9845446392815
2024-06-16,821.661126165372,537.5612217188574,1143.730634150731
2024-06-17,1281.0491632039739,978.2776111678286,1582.2477743926731
2024-06-18,1284.9540953984165,985.6345849739008,1573.663298664669
2024-06-19,1242.5032304651172,932.3303021191658,1546.6487534785258
2024-06-20,1269.5522512174553,970.9541786739964,1565.057152986139
2024-06-21,1247.1849724300228,931.1017633643493,1549.634531477519
2024-06-22,835.2506080308372,506.02513328848664,1149.1897200935446
2024-06-23,800.4982442618176,507.9604525277196,1121.9574975136209
2024-06-24,1259.8443624713318,963.4712929549675,1567.5917970853616
2024-06-25,1261.1839699143923,943.6174657237976,1579.64429792948
2024-06-26,1216.1851625692914,924.3692981785538,1542.8769679698457
2024-06-27,1243.2224930690902,945.6923552973088,1555.5064955856096
2024-06-28,1241.5635245414255,925.7960100688078,1545.1191389756823
2024-06-29,829.834730384395,509.12075408154925,1118.1434205673538
2024-06-30,795.1000106766124,484.19790245733975,1093.817655339772
2024-07-01,1285.0836695697208,989.6977648495636,1591.3789431216637
2024-07-02,1286.4207221942665,977.8291752259338,1591.7343516209949
2024-07-03,1241.4424559828212,927.3838268716453,1553.5582338477511
2024-07-04,1268.4644239008715,966.3537272709086,1569.5612381569545
2024-07-05,1266.8043957502277,980.8247384058664,1578.376543945743
2024-07-06,855.2789732904147,541.8999735557632,1148.0532282740621
2024-07-07,820.5596990986544,510.2029737603234,1121.5717534870407
2024-07-08,1279.4464435120244,977.5644320946503,1583.6531919831677
2024-07-09,1280.7831398635146,963.1462574972368,1580.8016188137674
2024-07-10,1235.8276133303873,920.7928374686513,1551.0087620800302
2024-07-11,1262.8364172120118,959.1919032355553,1583.9048146339471
2024-07-12,1261.1775279832673,963.5685107414088,1571.3649717177389
2024-07-13,849.8576757656457,531.1232881892123,1156.581953151459
2024-07-14,813.4225161869913,515.6874569919498,1119.8962239326418
2024-07-15,1288.9783759243346,968.0214333144946,1583.4693186593388
2024-07-16,1287.5510591934742,987.1490494435832,1582.722735769388
2024-07-17,1240.2422149851163,943.9357912771034,1544.7433241802853
2024-07-18,1264.287588415664,965.5177567915676,1570.8118157254635
2024-07-19,1259.9300374145914,949.8209541516802,1551.3554371183327
2024-07-20,852.2205556516168,535.0150593494564,1175.567914764536
2024-07-21,795.9741103187971,493.9432835994023,1096.9498516165957
2024-07-22,1243.9004967023359,936.0221608759082,1557.1655713227171
2024-07-23,1242.507631417465,925.2969695359196,1547.6655038037104
2024-07-24,1195.9452577948275,891.956448942836,1499.6291780509844
2024-07-25,1219.6302354491197,924.2688403465077,1524.40199051633
2024-07-26,1215.3532308842778,917.4551979248984,1524.761689936791
2024-07-27,814.0266559240715,515.7181126741984,1097.0063374861825
2024-07-28,778.6793847538729,492.53170563299875,1072.4458365708167
2024-07-29,1219.5587022760124,943.314606102083,1513.4507332291898
2024-07-30,1218.1548535304046,902.5180358373023,1504.7509846947119
2024-07-31,1172.293515586744,864.9330625834073,1500.8790339927302
2024-08-01,1209.9496264266872,902.2646141459832,1509.3855834833928
2024-08-02,1205.6747593557227,899.8791796823349,1505.7192355668678
2024-08-03,810.6526822558018,480.01002929886766,1120.6370325968448
2024-08-04,775.8163812540973,478.6512154160645,1074.5353933408169
2024-08-05,1209.6156558790422,901.5575238601748,1512.0173937896311
2024-08-06,1207.4494712992002,922.8803134104913,1520.4808746544159
2024-08-07,1161.5883443909484,865.20124591945,1478.178688617437
2024-08-08,1183.6897926741174,885.9164487252739,1496.3014651741737
2024-08-09,1178.7451971792593,888.9052002354819,1485.6843770370153
2024-08-10,790.5112038311477,475.15252050096785,1098.3058756076978
2024-08-11,755.8600521835428,460.94441850157875,1047.334240647699
2024-08-12,1180.3470759451723,867.1170262543858,1488.4852695386799
2024-08-13,1178.1670930819573,896.9868214146466,1461.025037349445
2024-08-14,1133.1866621164554,829.3084047799275,1438.1630130071776
2024-08-15,1173.8357566571194,866.9303993893008,1486.339856968689
2024-08-16,1168.8781921270229,876.024541782527,1465.184053075773
2024-08-17,788.5487485973262,461.02913610936,1103.9163246377993
2024-08-18,754.5238633851297,450.77284403257585,1043.885550991741
2024-08-19,1170.100728247661,868.5204220538101,1482.6350261062987
2024-08-20,1167.849868211152,860.3674097063753,1467.2951134479285
2024-08-21,1104.9780450792596,780.121472497753,1402.4988046450967
2024-08-22,1126.0598207644377,813.1441454859578,1415.6691788837843
2024-08-23,1121.2034449781695,827.371056114432,1438.9974907329047
2024-08-24,748.8927090455558,456.19894437573504,1043.6893938363291
2024-08-25,715.6082480476796,391.4344505594715,1005.4370028643591
2024-08-26,1122.389111790199,828.0061577250265,1417.8658214389084
2024-08-27,1120.1815323593505,823.8934599532075,1443.5978550829082
2024-08-28,1076.9624932795132,768.2395528404942,1388.3234475597255
2024-08-29,1097.5344326657014,799.1643648079594,1408.5507911872335
2024-08-30,1092.7221667337344,782.7590611559425,1391.6045463784258
2024-08-31,728.3730595088806,420.38802688043313,1022.9555123162227
2024-09-01,708.8985482527188,407.20076410450156,1030.6264314278521
2024-09-02,1106.7849074186854,815.1492933201143,1426.4348096545684
2024-09-03,1104.5221051369836,802.7778251657697,1428.7770382211825
2024-09-04,1062.142337432854,763.2052430527416,1359.1277283945556
2024-09-05,1082.1630159531976,800.0989660734589,1406.8509830486357
2024-09-06,1077.3534353085165,775.2207622429116,1371.9310361899998
2024-09-07,720.9245322244178,437.52306238455196,1022.0922780447478
2024-09-08,688.9653373092805,386.46772956560096,994.1311841893165
2024-09-09,1077.9986164655734,780.8924010030225,1404.4237333246786
2024-09-10,1075.722015900125,775.6313167773184,1385.9356319571878
2024-09-11,1034.2229441388515,732.7623968219098,1346.6960908538533
2024-09-12,1053.7337863601247,745.2396413203741,1389.9448994997454
2024-09-13,1048.9683155698103,756.8276134425323,1358.992805219157
2024-09-14,700.5010411934281,386.385097815508,989.2795852661158
2024-09-15,686.5132285870525,373.5430314783979,985.2879007389652
2024-09-16,1066.636348844161,751.6704655419792,1356.8596005642278
2024-09-17,1064.2888711054281,779.3911319094412,1392.2656215196175
2024-09-18,1023.6134163976681,720.8669614140634,1331.5970442782987
2024-09-19,1042.5573434304713,735.5482555659814,1347.8148421320175
2024-09-20,1037.7789036050447,745.0502845500095,1372.711078542643
2024-09-21,680.2706153998137,385.1533453026574,992.9271067329024
2024-09-22,649.6781111344922,335.4996915441763,947.8374629553317
2024-09-23,1021.0052302714415,721.0986452936459,1321.373270136633
2024-09-24,1018.7010331383461,715.1211079833445,1336.9595429544404
2024-09-25,978.9633532629036,712.0643020026082,1292.7666877206832
2024-09-26,997.4545228862603,698.9716981992991,1301.1009553378756
2024-09-27,992.7772718045451,696.912322978398,1278.9017764213868
2024-09-28,660.2332548436277,342.4051826437255,959.838352274047
2024-09-29,630.3240959031584,319.6175537044182,904.0112764868933
2024-09-30,992.7981350305519,688.9570015101468,1290.2924134630146
2024-10-01,1014.9075178281511,699.9457101368578,1329.1943081765805
2024-10-02,975.9653853886236,661.1416848561565,1281.8815980374322
2024-10-03,993.861570206161,705.7293764550645,1299.8232254311176
2024-10-04,989.1432804718263,671.6289926127655,1294.9347377859751
2024-10-05,664.4757437118823,362.86057031832553,960.1915546121775
2024-10-06,635.1647815893184,328.7575220867096,946.8673014441069
2024-10-07,988.7005922001795,694.5770418330417,1287.10766172355
2024-10-08,986.2836499927217,681.1006628423204,1278.9275496062933
2024-10-09,948.2222134960512,639.7301648618717,1240.7700302461628
2024-10-10,965.6085620145922,674.5989472015422,1263.0610399718298
2024-10-11,960.9343821345465,647.0123622249384,1264.3119288519579
2024-10-12,644.2284740823046,323.605406841338,941.3381964757119
2024-10-13,615.6008572846631,299.4765870919584,924.5036757882142
2024-10-14,960.283587885964,636.8990788739077,1284.5878445500944
2024-10-15,973.4285176952176,658.1797291259319,1293.6538733061175
2024-10-16,936.1906982518269,612.6087324590607,1236.070478489952
2024-10-17,953.0101315819726,670.950036927379,1261.3284664423738
2024-10-18,948.3229826668263,626.4027647501867,1285.7776010239932
2024-10-19,639.5216244327886,322.1462859041733,936.2155163959089
2024-10-20,611.5202740706719,313.21071533026895,908.5337232077627
2024-10-21,932.059648809031,621.6357018379884,1235.2013714978573
2024-10-22,929.6151100340453,612.9352328633037,1228.5324466295776
2024-10-23,893.3150654229466,584.4038293108906,1184.4609204211395
2024-10-24,909.6817413435472,586.7743953345723,1224.4566853880247
2024-10-25,905.095781172133,598.1408053095325,1213.416657976639
2024-10-26,604.313130535308,281.5387039669452,918.4762494687996
2024-10-28,904.0287749695595,606.9427967642592,1220.2571743509125
2024-10-29,901.570437910737,605.3170043214361,1210.9783459836874
2024-10-30,866.1510892423663,559.6764085426086,1165.1990740962585
2024-10-31,882.0079288640334,585.9879685776721,1182.9837875339429
2024-11-01,888.0657843768014,582.0857513855411,1192.37702420198
2024-11-02,595.2033378807332,284.7494220535672,894.8928210656295
2024-11-03,568.5843324906932,278.8139804915289,877.2133780945658
2024-11-04,886.6663984961872,574.469692362062,1199.6772317143757
2024-11-05,884.1528385865914,588.3126849205424,1195.400858462395
2024-11-06,849.5727612940918,545.4067780303443,1145.2502758675596
2024-11-07,864.8783400497716,544.9185642092993,1156.585225905025
2024-11-08,860.3391750199511,555.9930359048883,1169.8591595588855
2024-11-09,575.4383572316666,264.08225519011864,870.894692220017
2024-11-10,549.5026971665995,255.0899294923625,867.0832857987783
2024-11-11,858.7316831623442,563.5687220956363,1161.9291935808728
2024-11-12,856.204324969103,543.9760119942283,1165.9088358968204
2024-11-13,822.5049436193742,513.8023030100154,1124.7371365175711
2024-11-14,837.3006860760416,523.6227738393779,1140.9366986863968
2024-11-15,846.6118556283183,544.5469630070319,1139.8726640248988
2024-11-16,569.6155876583763,285.6920875750207,880.4431675978689
2024-11-17,544.306194028623,250.16116303946683,849.0845992446533
2024-11-18,844.6250211253472,540.0467079139753,1160.2820983153763
2024-11-19,842.0267857588348,501.98811428095877,1146.65293862147
2024-11-20,809.1510214625309,501.54461039889276,1091.9177776287343
2024-11-21,809.9160973397366,496.0964216307993,1111.9382709030058
2024-11-22,805.4651520185199,504.0383449953203,1117.2655582318114
2024-11-23,536.4875916456889,233.20658860201374,816.8686877245868
2024-11-24,511.91862223025555,218.71829363530867,811.5014927486
2024-11-25,803.4414482068419,505.53185843744245,1106.9602371083577
2024-11-26,800.8864934460184,491.3020233113697,1114.9423386889582
2024-11-27,768.9485039820631,473.610427621723,1079.5641130498182
2024-11-28,782.7245738407552,499.3081703712963,1130.0181656159286
2024-11-29,778.3177383738644,483.6483399242137,1077.1051027296885
2024-11-30,517.3018067087893,228.7593132959784,816.7918645047088
2024-12-01,502.3281563548861,222.3646123209022,810.8894477091542
2024-12-02,784.9584478082415,494.1165426994554,1107.8582517500934
2024-12-03,782.3502402501316,478.73873858750903,1087.0907160049062
2024-12-04,751.2534922153569,439.3030637590211,1073.6980515438308
2024-12-05,764.4802712615777,454.7795831846602,1062.893986961452
2024-12-06,760.0780911354542,445.75466030005276,1061.7936876616234
2024-12-07,506.984333664545,212.79574380550923,797.8266709647955
2024-12-08,483.7426003852606,174.30825406129318,802.5896412537737
2024-12-09,757.5198118290944,454.6724219154592,1082.718585492491
2024-12-10,754.8978059871554,457.1813409678062,1055.4407136774357
2024-12-11,724.6817538952257,430.9556668253581,1040.7206851051906
2024-12-12,737.3986966424399,427.7038455453088,1015.2178470380645
2024-12-13,733.0406263705778,434.9434099552324,1062.5173943222667
2024-12-14,487.90849760744624,189.47795341747457,799.0553307105993
2024-12-15,477.44396769761397,167.43722121013107,798.3556502624372
2024-12-16,742.3110202422271,446.55850934384614,1045.7758398257631
2024-12-17,739.618137227095,434.5082104114209,1057.6351107977766
2024-12-18,710.2257021885831,421.16077883345093,1035.4612463376511
2024-12-19,722.3757297473984,401.875648138031,1031.1156775310483
2024-12-20,718.004690440409,407.07728349829205,1014.490700630981
2024-12-21,469.0257267877229,140.59256901341408,765.4967904424574
2024-12-22,447.1506841582942,133.14179834028548,758.7424370841832
2024-12-23,703.2217355827767,410.5816101458531,1018.8988202492965
2024-12-24,700.5721331733072,380.75900826276205,1004.0132640871336
2024-12-25,502.96421285335583,190.09512803499388,818.622359589356
2024-12-26,121.98672034921873,-187.82549741552006,413.4592273243102
2024-12-27,679.5448925530727,369.50446370178275,993.0302535873806
2024-12-28,450.3360212054109,132.84922541168513,766.4981065938331
2024-12-29,429.1443239008509,112.98833864720656,742.5984968534711
2024-12-30,676.3622953157455,372.40513546573936,1008.6400317209235
2024-12-31,673.698894622393,369.24380970584315,987.371356120762
2025-01-01,828.5634431102427,535.4631416577573,1152.7669318325177
2025-01-02,658.8224169793851,342.1136580189416,989.0692008270153
2025-01-03,654.5888876635886,368.8818697100194,962.5064372270928
2025-01-04,433.333856416824,142.41971696698513,738.3589805131853
2025-01-05,412.8177158302263,120.1655185432168,728.2937614803931
2025-01-06,651.1748186286167,371.98323304009745,941.9544184326137
2025-01-07,648.4898310447788,360.75599242655363,971.9327891570385
2025-01-08,621.7887741172522,304.3999453662264,939.9945684172038
2025-01-09,632.4585830617456,328.5769024583445,946.6178711092967
2025-01-10,628.2691636002911,309.44635199264195,916.3076381578359
2025-01-11,414.9757610612866,117.11396913606231,716.7542270307868
2025-01-12,395.14296579954964,80.65951990649492,689.9415851753758
2025-01-13,624.6469885883598,294.2832930835294,941.010723787804
2025-01-14,621.9482027206453,323.12586266869994,943.7129838354202
2025-01-15,606.4522542077474,329.93984146376795,899.7013384447679
2025-01-16,616.5551479638403,306.7518955332886,925.5116377157614
2025-01-17,612.3527594672693,301.9570975658067,920.347277740625
2025-01-18,406.9639067464691,90.34373550632634,684.1369888752786
2025-01-19,387.7573779202489,74.91458825575823,700.3440941829637
2025-01-20,608.351241809955,284.96559875045864,917.4449259181563
2025-01-21,595.5996396338902,288.1350181212009,900.1351165122095
2025-01-22,570.6599745921146,263.9516941275541,865.70097193487
2025-01-23,580.3101109386678,303.22992471497366,886.7849718190427
2025-01-24,576.2089111858327,245.39916658318762,881.9121586759934
2025-01-25,378.83876606225795,62.994319420631776,686.5835781045422
2025-01-26,360.37266145031805,52.863179489289195,655.1135584776939
2025-01-27,572.1705242198835,253.16407534180783,866.7722843679286
